,growth,period,energy_type,start_end,price
0,,nan n - May 88,"ELECTRICITY, GAS AND OTHER FUELS ",End Price,29.8
1,3.3557046979865772,May 88 - Nov 88,"ELECTRICITY, GAS AND OTHER FUELS ",End Price,30.8
2,2.2727272727272703,Nov 88 - May 89,"ELECTRICITY, GAS AND OTHER FUELS ",End Price,31.5
3,3.4920634920634965,May 89 - Nov 89,"ELECTRICITY, GAS AND OTHER FUELS ",End Price,32.6
4,4.294478527607358,Nov 89 - May 90,"ELECTRICITY, GAS AND OTHER FUELS ",End Price,34.0
5,5.294117647058815,May 90 - Nov 90,"ELECTRICITY, GAS AND OTHER FUELS ",End Price,35.8
6,2.5139664804469435,Nov 90 - May 91,"ELECTRICITY, GAS AND OTHER FUELS ",End Price,36.7
7,4.087193460490464,May 91 - Nov 91,"ELECTRICITY, GAS AND OTHER FUELS ",End Price,38.2
8,0.0,Nov 91 - May 92,"ELECTRICITY, GAS AND OTHER FUELS ",End Price,38.2
9,-0.2617801047120456,May 92 - Nov 92,"ELECTRICITY, GAS AND OTHER FUELS ",End Price,38.1
10,-1.3123359580052494,Nov 92 - May 93,"ELECTRICITY, GAS AND OTHER FUELS ",End Price,37.6
11,-0.5319148936170288,May 93 - Nov 93,"ELECTRICITY, GAS AND OTHER FUELS ",End Price,37.4
12,6.417112299465237,Nov 93 - May 94,"ELECTRICITY, GAS AND OTHER FUELS ",End Price,39.8
13,0.0,May 94 - Nov 94,"ELECTRICITY, GAS AND OTHER FUELS ",End Price,39.8
14,0.25125628140703876,Nov 94 - May 95,"ELECTRICITY, GAS AND OTHER FUELS ",End Price,39.9
15,0.2506265664160437,May 95 - Nov 95,"ELECTRICITY, GAS AND OTHER FUELS ",End Price,40.0
16,0.5000000000000071,Nov 95 - May 96,"ELECTRICITY, GAS AND OTHER FUELS ",End Price,40.2
17,-0.4975124378109523,May 96 - Nov 96,"ELECTRICITY, GAS AND OTHER FUELS ",End Price,40.0
18,-1.25,Nov 96 - May 97,"ELECTRICITY, GAS AND OTHER FUELS ",End Price,39.5
19,-3.79746835443038,May 97 - Nov 97,"ELECTRICITY, GAS AND OTHER FUELS ",End Price,38.0
20,-1.3157894736842104,Nov 97 - May 98,"ELECTRICITY, GAS AND OTHER FUELS ",End Price,37.5
21,-0.533333333333341,May 98 - Nov 98,"ELECTRICITY, GAS AND OTHER FUELS ",End Price,37.3
22,-0.2680965147452931,Nov 98 - May 99,"ELECTRICITY, GAS AND OTHER FUELS ",End Price,37.2
23,1.3440860215053763,May 99 - Nov 99,"ELECTRICITY, GAS AND OTHER FUELS ",End Price,37.7
24,-1.5915119363395265,Nov 99 - May 00,"ELECTRICITY, GAS AND OTHER FUELS ",End Price,37.1
25,2.6954177897574123,May 00 - Nov 00,"ELECTRICITY, GAS AND OTHER FUELS ",End Price,38.1
26,0.0,Nov 00 - May 01,"ELECTRICITY, GAS AND OTHER FUELS ",End Price,38.1
27,-0.7874015748031606,May 01 - Nov 01,"ELECTRICITY, GAS AND OTHER FUELS ",End Price,37.8
28,2.380952380952396,Nov 01 - May 02,"ELECTRICITY, GAS AND OTHER FUELS ",End Price,38.7
29,0.2583979328165228,May 02 - Nov 02,"ELECTRICITY, GAS AND OTHER FUELS ",End Price,38.8
30,0.5154639175257806,Nov 02 - May 03,"ELECTRICITY, GAS AND OTHER FUELS ",End Price,39.0
31,2.051282051282044,May 03 - Nov 03,"ELECTRICITY, GAS AND OTHER FUELS ",End Price,39.8
32,5.025125628140704,Nov 03 - May 04,"ELECTRICITY, GAS AND OTHER FUELS ",End Price,41.8
33,5.741626794258387,May 04 - Nov 04,"ELECTRICITY, GAS AND OTHER FUELS ",End Price,44.2
34,5.882352941176458,Nov 04 - May 05,"ELECTRICITY, GAS AND OTHER FUELS ",End Price,46.8
35,8.11965811965813,May 05 - Nov 05,"ELECTRICITY, GAS AND OTHER FUELS ",End Price,50.6
36,16.60079051383399,Nov 05 - May 06,"ELECTRICITY, GAS AND OTHER FUELS ",End Price,59.0
37,12.033898305084737,May 06 - Nov 06,"ELECTRICITY, GAS AND OTHER FUELS ",End Price,66.1
38,-1.8154311649016472,Nov 06 - May 07,"ELECTRICITY, GAS AND OTHER FUELS ",End Price,64.9
39,-3.5439137134052454,May 07 - Nov 07,"ELECTRICITY, GAS AND OTHER FUELS ",End Price,62.6
40,15.974440894568678,Nov 07 - May 08,"ELECTRICITY, GAS AND OTHER FUELS ",End Price,72.6
41,18.595041322314053,May 08 - Nov 08,"ELECTRICITY, GAS AND OTHER FUELS ",End Price,86.1
42,-6.96864111498258,Nov 08 - May 09,"ELECTRICITY, GAS AND OTHER FUELS ",End Price,80.1
43,0.12484394506867481,May 09 - Nov 09,"ELECTRICITY, GAS AND OTHER FUELS ",End Price,80.2
44,-2.6184538653366687,Nov 09 - May 10,"ELECTRICITY, GAS AND OTHER FUELS ",End Price,78.1
45,0.0,May 10 - Nov 10,"ELECTRICITY, GAS AND OTHER FUELS ",End Price,78.1
46,5.761843790012804,Nov 10 - May 11,"ELECTRICITY, GAS AND OTHER FUELS ",End Price,82.6
47,13.680387409200984,May 11 - Nov 11,"ELECTRICITY, GAS AND OTHER FUELS ",End Price,93.9
48,-2.1299254526091587,Nov 11 - May 12,"ELECTRICITY, GAS AND OTHER FUELS ",End Price,91.9
49,1.7410228509249122,May 12 - Nov 12,"ELECTRICITY, GAS AND OTHER FUELS ",End Price,93.5
50,5.561497326203211,Nov 12 - May 13,"ELECTRICITY, GAS AND OTHER FUELS ",End Price,98.7
51,0.3039513677811521,May 13 - Nov 13,"ELECTRICITY, GAS AND OTHER FUELS ",End Price,99.0
52,4.646464646464641,Nov 13 - May 14,"ELECTRICITY, GAS AND OTHER FUELS ",End Price,103.6
53,-0.3861003861003779,May 14 - Nov 14,"ELECTRICITY, GAS AND OTHER FUELS ",End Price,103.2
54,-2.9069767441860463,Nov 14 - May 15,"ELECTRICITY, GAS AND OTHER FUELS ",End Price,100.2
55,-1.4970059880239521,May 15 - Nov 15,"ELECTRICITY, GAS AND OTHER FUELS ",End Price,98.7
56,-2.2289766970618063,Nov 15 - May 16,"ELECTRICITY, GAS AND OTHER FUELS ",End Price,96.5
57,0.9326424870466379,May 16 - Nov 16,"ELECTRICITY, GAS AND OTHER FUELS ",End Price,97.4
58,3.6960985626283307,Nov 16 - May 17,"ELECTRICITY, GAS AND OTHER FUELS ",End Price,101.0
59,2.5742574257425686,May 17 - Nov 17,"ELECTRICITY, GAS AND OTHER FUELS ",End Price,103.6
60,1.2548262548262659,Nov 17 - May 18,"ELECTRICITY, GAS AND OTHER FUELS ",End Price,104.9
61,7.244995233555763,May 18 - Nov 18,"ELECTRICITY, GAS AND OTHER FUELS ",End Price,112.5
62,2.75555555555555,Nov 18 - May 19,"ELECTRICITY, GAS AND OTHER FUELS ",End Price,115.6
63,-4.498269896193762,May 19 - Nov 19,"ELECTRICITY, GAS AND OTHER FUELS ",End Price,110.4
64,-2.8079710144927614,Nov 19 - May 20,"ELECTRICITY, GAS AND OTHER FUELS ",End Price,107.3
65,-6.0577819198508855,May 20 - Nov 20,"ELECTRICITY, GAS AND OTHER FUELS ",End Price,100.8
66,9.72222222222222,Nov 20 - May 21,"ELECTRICITY, GAS AND OTHER FUELS ",End Price,110.6
67,12.386980108499099,May 21 - Nov 21,"ELECTRICITY, GAS AND OTHER FUELS ",End Price,124.3
68,50.92518101367659,Nov 21 - May 22,"ELECTRICITY, GAS AND OTHER FUELS ",End Price,187.6
69,24.68017057569297,May 22 - Nov 22,"ELECTRICITY, GAS AND OTHER FUELS ",End Price,233.9
70,,nan n - May 88,"ELECTRICITY, GAS AND OTHER FUELS ",Start Price,
71,3.3557046979865772,May 88 - Nov 88,"ELECTRICITY, GAS AND OTHER FUELS ",Start Price,29.8
72,2.2727272727272703,Nov 88 - May 89,"ELECTRICITY, GAS AND OTHER FUELS ",Start Price,30.8
73,3.4920634920634965,May 89 - Nov 89,"ELECTRICITY, GAS AND OTHER FUELS ",Start Price,31.5
74,4.294478527607358,Nov 89 - May 90,"ELECTRICITY, GAS AND OTHER FUELS ",Start Price,32.6
75,5.294117647058815,May 90 - Nov 90,"ELECTRICITY, GAS AND OTHER FUELS ",Start Price,34.0
76,2.5139664804469435,Nov 90 - May 91,"ELECTRICITY, GAS AND OTHER FUELS ",Start Price,35.8
77,4.087193460490464,May 91 - Nov 91,"ELECTRICITY, GAS AND OTHER FUELS ",Start Price,36.7
78,0.0,Nov 91 - May 92,"ELECTRICITY, GAS AND OTHER FUELS ",Start Price,38.2
79,-0.2617801047120456,May 92 - Nov 92,"ELECTRICITY, GAS AND OTHER FUELS ",Start Price,38.2
80,-1.3123359580052494,Nov 92 - May 93,"ELECTRICITY, GAS AND OTHER FUELS ",Start Price,38.1
81,-0.5319148936170288,May 93 - Nov 93,"ELECTRICITY, GAS AND OTHER FUELS ",Start Price,37.6
82,6.417112299465237,Nov 93 - May 94,"ELECTRICITY, GAS AND OTHER FUELS ",Start Price,37.4
83,0.0,May 94 - Nov 94,"ELECTRICITY, GAS AND OTHER FUELS ",Start Price,39.8
84,0.25125628140703876,Nov 94 - May 95,"ELECTRICITY, GAS AND OTHER FUELS ",Start Price,39.8
85,0.2506265664160437,May 95 - Nov 95,"ELECTRICITY, GAS AND OTHER FUELS ",Start Price,39.9
86,0.5000000000000071,Nov 95 - May 96,"ELECTRICITY, GAS AND OTHER FUELS ",Start Price,40.0
87,-0.4975124378109523,May 96 - Nov 96,"ELECTRICITY, GAS AND OTHER FUELS ",Start Price,40.2
88,-1.25,Nov 96 - May 97,"ELECTRICITY, GAS AND OTHER FUELS ",Start Price,40.0
89,-3.79746835443038,May 97 - Nov 97,"ELECTRICITY, GAS AND OTHER FUELS ",Start Price,39.5
90,-1.3157894736842104,Nov 97 - May 98,"ELECTRICITY, GAS AND OTHER FUELS ",Start Price,38.0
91,-0.533333333333341,May 98 - Nov 98,"ELECTRICITY, GAS AND OTHER FUELS ",Start Price,37.5
92,-0.2680965147452931,Nov 98 - May 99,"ELECTRICITY, GAS AND OTHER FUELS ",Start Price,37.3
93,1.3440860215053763,May 99 - Nov 99,"ELECTRICITY, GAS AND OTHER FUELS ",Start Price,37.2
94,-1.5915119363395265,Nov 99 - May 00,"ELECTRICITY, GAS AND OTHER FUELS ",Start Price,37.7
95,2.6954177897574123,May 00 - Nov 00,"ELECTRICITY, GAS AND OTHER FUELS ",Start Price,37.1
96,0.0,Nov 00 - May 01,"ELECTRICITY, GAS AND OTHER FUELS ",Start Price,38.1
97,-0.7874015748031606,May 01 - Nov 01,"ELECTRICITY, GAS AND OTHER FUELS ",Start Price,38.1
98,2.380952380952396,Nov 01 - May 02,"ELECTRICITY, GAS AND OTHER FUELS ",Start Price,37.8
99,0.2583979328165228,May 02 - Nov 02,"ELECTRICITY, GAS AND OTHER FUELS ",Start Price,38.7
100,0.5154639175257806,Nov 02 - May 03,"ELECTRICITY, GAS AND OTHER FUELS ",Start Price,38.8
101,2.051282051282044,May 03 - Nov 03,"ELECTRICITY, GAS AND OTHER FUELS ",Start Price,39.0
102,5.025125628140704,Nov 03 - May 04,"ELECTRICITY, GAS AND OTHER FUELS ",Start Price,39.8
103,5.741626794258387,May 04 - Nov 04,"ELECTRICITY, GAS AND OTHER FUELS ",Start Price,41.8
104,5.882352941176458,Nov 04 - May 05,"ELECTRICITY, GAS AND OTHER FUELS ",Start Price,44.2
105,8.11965811965813,May 05 - Nov 05,"ELECTRICITY, GAS AND OTHER FUELS ",Start Price,46.8
106,16.60079051383399,Nov 05 - May 06,"ELECTRICITY, GAS AND OTHER FUELS ",Start Price,50.6
107,12.033898305084737,May 06 - Nov 06,"ELECTRICITY, GAS AND OTHER FUELS ",Start Price,59.0
108,-1.8154311649016472,Nov 06 - May 07,"ELECTRICITY, GAS AND OTHER FUELS ",Start Price,66.1
109,-3.5439137134052454,May 07 - Nov 07,"ELECTRICITY, GAS AND OTHER FUELS ",Start Price,64.9
110,15.974440894568678,Nov 07 - May 08,"ELECTRICITY, GAS AND OTHER FUELS ",Start Price,62.6
111,18.595041322314053,May 08 - Nov 08,"ELECTRICITY, GAS AND OTHER FUELS ",Start Price,72.6
112,-6.96864111498258,Nov 08 - May 09,"ELECTRICITY, GAS AND OTHER FUELS ",Start Price,86.1
113,0.12484394506867481,May 09 - Nov 09,"ELECTRICITY, GAS AND OTHER FUELS ",Start Price,80.1
114,-2.6184538653366687,Nov 09 - May 10,"ELECTRICITY, GAS AND OTHER FUELS ",Start Price,80.2
115,0.0,May 10 - Nov 10,"ELECTRICITY, GAS AND OTHER FUELS ",Start Price,78.1
116,5.761843790012804,Nov 10 - May 11,"ELECTRICITY, GAS AND OTHER FUELS ",Start Price,78.1
117,13.680387409200984,May 11 - Nov 11,"ELECTRICITY, GAS AND OTHER FUELS ",Start Price,82.6
118,-2.1299254526091587,Nov 11 - May 12,"ELECTRICITY, GAS AND OTHER FUELS ",Start Price,93.9
119,1.7410228509249122,May 12 - Nov 12,"ELECTRICITY, GAS AND OTHER FUELS ",Start Price,91.9
120,5.561497326203211,Nov 12 - May 13,"ELECTRICITY, GAS AND OTHER FUELS ",Start Price,93.5
121,0.3039513677811521,May 13 - Nov 13,"ELECTRICITY, GAS AND OTHER FUELS ",Start Price,98.7
122,4.646464646464641,Nov 13 - May 14,"ELECTRICITY, GAS AND OTHER FUELS ",Start Price,99.0
123,-0.3861003861003779,May 14 - Nov 14,"ELECTRICITY, GAS AND OTHER FUELS ",Start Price,103.6
124,-2.9069767441860463,Nov 14 - May 15,"ELECTRICITY, GAS AND OTHER FUELS ",Start Price,103.2
125,-1.4970059880239521,May 15 - Nov 15,"ELECTRICITY, GAS AND OTHER FUELS ",Start Price,100.2
126,-2.2289766970618063,Nov 15 - May 16,"ELECTRICITY, GAS AND OTHER FUELS ",Start Price,98.7
127,0.9326424870466379,May 16 - Nov 16,"ELECTRICITY, GAS AND OTHER FUELS ",Start Price,96.5
128,3.6960985626283307,Nov 16 - May 17,"ELECTRICITY, GAS AND OTHER FUELS ",Start Price,97.4
129,2.5742574257425686,May 17 - Nov 17,"ELECTRICITY, GAS AND OTHER FUELS ",Start Price,101.0
130,1.2548262548262659,Nov 17 - May 18,"ELECTRICITY, GAS AND OTHER FUELS ",Start Price,103.6
131,7.244995233555763,May 18 - Nov 18,"ELECTRICITY, GAS AND OTHER FUELS ",Start Price,104.9
132,2.75555555555555,Nov 18 - May 19,"ELECTRICITY, GAS AND OTHER FUELS ",Start Price,112.5
133,-4.498269896193762,May 19 - Nov 19,"ELECTRICITY, GAS AND OTHER FUELS ",Start Price,115.6
134,-2.8079710144927614,Nov 19 - May 20,"ELECTRICITY, GAS AND OTHER FUELS ",Start Price,110.4
135,-6.0577819198508855,May 20 - Nov 20,"ELECTRICITY, GAS AND OTHER FUELS ",Start Price,107.3
136,9.72222222222222,Nov 20 - May 21,"ELECTRICITY, GAS AND OTHER FUELS ",Start Price,100.8
137,12.386980108499099,May 21 - Nov 21,"ELECTRICITY, GAS AND OTHER FUELS ",Start Price,110.6
138,50.92518101367659,Nov 21 - May 22,"ELECTRICITY, GAS AND OTHER FUELS ",Start Price,124.3
139,24.68017057569297,May 22 - Nov 22,"ELECTRICITY, GAS AND OTHER FUELS ",Start Price,187.6
0,,nan n - May 88,ELECTRICITY ,End Price,34.6
1,3.7572254335260036,May 88 - Nov 88,ELECTRICITY ,End Price,35.9
2,3.342618384401122,Nov 88 - May 89,ELECTRICITY ,End Price,37.1
3,3.2345013477088833,May 89 - Nov 89,ELECTRICITY ,End Price,38.3
4,4.699738903394268,Nov 89 - May 90,ELECTRICITY ,End Price,40.1
5,4.239401496259341,May 90 - Nov 90,ELECTRICITY ,End Price,41.8
6,5.023923444976081,Nov 90 - May 91,ELECTRICITY ,End Price,43.9
7,5.239179954441924,May 91 - Nov 91,ELECTRICITY ,End Price,46.2
8,0.8658008658008627,Nov 91 - May 92,ELECTRICITY ,End Price,46.6
9,1.2875536480686725,May 92 - Nov 92,ELECTRICITY ,End Price,47.2
10,-1.059322033898305,Nov 92 - May 93,ELECTRICITY ,End Price,46.7
11,-0.8565310492505476,May 93 - Nov 93,ELECTRICITY ,End Price,46.3
12,5.615550755939528,Nov 93 - May 94,ELECTRICITY ,End Price,48.9
13,0.0,May 94 - Nov 94,ELECTRICITY ,End Price,48.9
14,-0.2044989775051154,Nov 94 - May 95,ELECTRICITY ,End Price,48.8
15,0.0,May 95 - Nov 95,ELECTRICITY ,End Price,48.8
16,0.20491803278688817,Nov 95 - May 96,ELECTRICITY ,End Price,48.9
17,-2.044989775051125,May 96 - Nov 96,ELECTRICITY ,End Price,47.9
18,-1.4613778705636653,Nov 96 - May 97,ELECTRICITY ,End Price,47.2
19,-5.5084745762711895,May 97 - Nov 97,ELECTRICITY ,End Price,44.6
20,-0.22421524663677447,Nov 97 - May 98,ELECTRICITY ,End Price,44.5
21,-1.5730337078651748,May 98 - Nov 98,ELECTRICITY ,End Price,43.8
22,-0.22831050228309205,Nov 98 - May 99,ELECTRICITY ,End Price,43.7
23,-0.22883295194508335,May 99 - Nov 99,ELECTRICITY ,End Price,43.6
24,-1.376146788990829,Nov 99 - May 00,ELECTRICITY ,End Price,43.0
25,-1.6279069767441927,May 00 - Nov 00,ELECTRICITY ,End Price,42.3
26,0.0,Nov 00 - May 01,ELECTRICITY ,End Price,42.3
27,0.4728132387706923,May 01 - Nov 01,ELECTRICITY ,End Price,42.5
28,0.23529411764706218,Nov 01 - May 02,ELECTRICITY ,End Price,42.6
29,0.0,May 02 - Nov 02,ELECTRICITY ,End Price,42.6
30,0.4694835680751073,Nov 02 - May 03,ELECTRICITY ,End Price,42.8
31,1.4018691588785082,May 03 - Nov 03,ELECTRICITY ,End Price,43.4
32,4.1474654377880285,Nov 03 - May 04,ELECTRICITY ,End Price,45.2
33,4.424778761061947,May 04 - Nov 04,ELECTRICITY ,End Price,47.2
34,5.5084745762711735,Nov 04 - May 05,ELECTRICITY ,End Price,49.8
35,6.024096385542169,May 05 - Nov 05,ELECTRICITY ,End Price,52.8
36,14.962121212121223,Nov 05 - May 06,ELECTRICITY ,End Price,60.7
37,10.543657331136723,May 06 - Nov 06,ELECTRICITY ,End Price,67.1
38,-0.1490312965722717,Nov 06 - May 07,ELECTRICITY ,End Price,67.0
39,-3.283582089552243,May 07 - Nov 07,ELECTRICITY ,End Price,64.8
40,13.425925925925931,Nov 07 - May 08,ELECTRICITY ,End Price,73.5
41,15.78231292517006,May 08 - Nov 08,ELECTRICITY ,End Price,85.1
42,-7.75558166862514,Nov 08 - May 09,ELECTRICITY ,End Price,78.5
43,-0.38216560509553776,May 09 - Nov 09,ELECTRICITY ,End Price,78.2
44,-0.25575447570332843,Nov 09 - May 10,ELECTRICITY ,End Price,78.0
45,-0.25641025641026005,May 10 - Nov 10,ELECTRICITY ,End Price,77.8
46,4.370179948586126,Nov 10 - May 11,ELECTRICITY ,End Price,81.2
47,10.714285714285717,May 11 - Nov 11,ELECTRICITY ,End Price,89.9
48,-2.447163515016688,Nov 11 - May 12,ELECTRICITY ,End Price,87.7
49,1.3683010262257729,May 12 - Nov 12,ELECTRICITY ,End Price,88.9
50,6.29921259842519,Nov 12 - May 13,ELECTRICITY ,End Price,94.5
51,0.31746031746031445,May 13 - Nov 13,ELECTRICITY ,End Price,94.8
52,5.696202531645576,Nov 13 - May 14,ELECTRICITY ,End Price,100.2
53,0.0,May 14 - Nov 14,ELECTRICITY ,End Price,100.2
54,-0.19960079840319644,Nov 14 - May 15,ELECTRICITY ,End Price,100.0
55,-0.09999999999999432,May 15 - Nov 15,ELECTRICITY ,End Price,99.9
56,-0.20020020020020302,Nov 15 - May 16,ELECTRICITY ,End Price,99.7
57,0.0,May 16 - Nov 16,ELECTRICITY ,End Price,99.7
58,7.723169508525579,Nov 16 - May 17,ELECTRICITY ,End Price,107.4
59,3.445065176908742,May 17 - Nov 17,ELECTRICITY ,End Price,111.1
60,0.9900990099009978,Nov 17 - May 18,ELECTRICITY ,End Price,112.2
61,8.02139037433155,May 18 - Nov 18,ELECTRICITY ,End Price,121.2
62,5.52805280528053,Nov 18 - May 19,ELECTRICITY ,End Price,127.9
63,-2.111024237685694,May 19 - Nov 19,ELECTRICITY ,End Price,125.2
64,0.15974440894568917,Nov 19 - May 20,ELECTRICITY ,End Price,125.4
65,-3.34928229665072,May 20 - Nov 20,ELECTRICITY ,End Price,121.2
66,9.158415841584166,Nov 20 - May 21,ELECTRICITY ,End Price,132.3
67,8.843537414965978,May 21 - Nov 21,ELECTRICITY ,End Price,144.0
68,41.11111111111111,Nov 21 - May 22,ELECTRICITY ,End Price,203.2
69,17.175196850393704,May 22 - Nov 22,ELECTRICITY ,End Price,238.1
70,,nan n - May 88,ELECTRICITY ,Start Price,
71,3.7572254335260036,May 88 - Nov 88,ELECTRICITY ,Start Price,34.6
72,3.342618384401122,Nov 88 - May 89,ELECTRICITY ,Start Price,35.9
73,3.2345013477088833,May 89 - Nov 89,ELECTRICITY ,Start Price,37.1
74,4.699738903394268,Nov 89 - May 90,ELECTRICITY ,Start Price,38.3
75,4.239401496259341,May 90 - Nov 90,ELECTRICITY ,Start Price,40.1
76,5.023923444976081,Nov 90 - May 91,ELECTRICITY ,Start Price,41.8
77,5.239179954441924,May 91 - Nov 91,ELECTRICITY ,Start Price,43.9
78,0.8658008658008627,Nov 91 - May 92,ELECTRICITY ,Start Price,46.2
79,1.2875536480686725,May 92 - Nov 92,ELECTRICITY ,Start Price,46.6
80,-1.059322033898305,Nov 92 - May 93,ELECTRICITY ,Start Price,47.2
81,-0.8565310492505476,May 93 - Nov 93,ELECTRICITY ,Start Price,46.7
82,5.615550755939528,Nov 93 - May 94,ELECTRICITY ,Start Price,46.3
83,0.0,May 94 - Nov 94,ELECTRICITY ,Start Price,48.9
84,-0.2044989775051154,Nov 94 - May 95,ELECTRICITY ,Start Price,48.9
85,0.0,May 95 - Nov 95,ELECTRICITY ,Start Price,48.8
86,0.20491803278688817,Nov 95 - May 96,ELECTRICITY ,Start Price,48.8
87,-2.044989775051125,May 96 - Nov 96,ELECTRICITY ,Start Price,48.9
88,-1.4613778705636653,Nov 96 - May 97,ELECTRICITY ,Start Price,47.9
89,-5.5084745762711895,May 97 - Nov 97,ELECTRICITY ,Start Price,47.2
90,-0.22421524663677447,Nov 97 - May 98,ELECTRICITY ,Start Price,44.6
91,-1.5730337078651748,May 98 - Nov 98,ELECTRICITY ,Start Price,44.5
92,-0.22831050228309205,Nov 98 - May 99,ELECTRICITY ,Start Price,43.8
93,-0.22883295194508335,May 99 - Nov 99,ELECTRICITY ,Start Price,43.7
94,-1.376146788990829,Nov 99 - May 00,ELECTRICITY ,Start Price,43.6
95,-1.6279069767441927,May 00 - Nov 00,ELECTRICITY ,Start Price,43.0
96,0.0,Nov 00 - May 01,ELECTRICITY ,Start Price,42.3
97,0.4728132387706923,May 01 - Nov 01,ELECTRICITY ,Start Price,42.3
98,0.23529411764706218,Nov 01 - May 02,ELECTRICITY ,Start Price,42.5
99,0.0,May 02 - Nov 02,ELECTRICITY ,Start Price,42.6
100,0.4694835680751073,Nov 02 - May 03,ELECTRICITY ,Start Price,42.6
101,1.4018691588785082,May 03 - Nov 03,ELECTRICITY ,Start Price,42.8
102,4.1474654377880285,Nov 03 - May 04,ELECTRICITY ,Start Price,43.4
103,4.424778761061947,May 04 - Nov 04,ELECTRICITY ,Start Price,45.2
104,5.5084745762711735,Nov 04 - May 05,ELECTRICITY ,Start Price,47.2
105,6.024096385542169,May 05 - Nov 05,ELECTRICITY ,Start Price,49.8
106,14.962121212121223,Nov 05 - May 06,ELECTRICITY ,Start Price,52.8
107,10.543657331136723,May 06 - Nov 06,ELECTRICITY ,Start Price,60.7
108,-0.1490312965722717,Nov 06 - May 07,ELECTRICITY ,Start Price,67.1
109,-3.283582089552243,May 07 - Nov 07,ELECTRICITY ,Start Price,67.0
110,13.425925925925931,Nov 07 - May 08,ELECTRICITY ,Start Price,64.8
111,15.78231292517006,May 08 - Nov 08,ELECTRICITY ,Start Price,73.5
112,-7.75558166862514,Nov 08 - May 09,ELECTRICITY ,Start Price,85.1
113,-0.38216560509553776,May 09 - Nov 09,ELECTRICITY ,Start Price,78.5
114,-0.25575447570332843,Nov 09 - May 10,ELECTRICITY ,Start Price,78.2
115,-0.25641025641026005,May 10 - Nov 10,ELECTRICITY ,Start Price,78.0
116,4.370179948586126,Nov 10 - May 11,ELECTRICITY ,Start Price,77.8
117,10.714285714285717,May 11 - Nov 11,ELECTRICITY ,Start Price,81.2
118,-2.447163515016688,Nov 11 - May 12,ELECTRICITY ,Start Price,89.9
119,1.3683010262257729,May 12 - Nov 12,ELECTRICITY ,Start Price,87.7
120,6.29921259842519,Nov 12 - May 13,ELECTRICITY ,Start Price,88.9
121,0.31746031746031445,May 13 - Nov 13,ELECTRICITY ,Start Price,94.5
122,5.696202531645576,Nov 13 - May 14,ELECTRICITY ,Start Price,94.8
123,0.0,May 14 - Nov 14,ELECTRICITY ,Start Price,100.2
124,-0.19960079840319644,Nov 14 - May 15,ELECTRICITY ,Start Price,100.2
125,-0.09999999999999432,May 15 - Nov 15,ELECTRICITY ,Start Price,100.0
126,-0.20020020020020302,Nov 15 - May 16,ELECTRICITY ,Start Price,99.9
127,0.0,May 16 - Nov 16,ELECTRICITY ,Start Price,99.7
128,7.723169508525579,Nov 16 - May 17,ELECTRICITY ,Start Price,99.7
129,3.445065176908742,May 17 - Nov 17,ELECTRICITY ,Start Price,107.4
130,0.9900990099009978,Nov 17 - May 18,ELECTRICITY ,Start Price,111.1
131,8.02139037433155,May 18 - Nov 18,ELECTRICITY ,Start Price,112.2
132,5.52805280528053,Nov 18 - May 19,ELECTRICITY ,Start Price,121.2
133,-2.111024237685694,May 19 - Nov 19,ELECTRICITY ,Start Price,127.9
134,0.15974440894568917,Nov 19 - May 20,ELECTRICITY ,Start Price,125.2
135,-3.34928229665072,May 20 - Nov 20,ELECTRICITY ,Start Price,125.4
136,9.158415841584166,Nov 20 - May 21,ELECTRICITY ,Start Price,121.2
137,8.843537414965978,May 21 - Nov 21,ELECTRICITY ,Start Price,132.3
138,41.11111111111111,Nov 21 - May 22,ELECTRICITY ,Start Price,144.0
139,17.175196850393704,May 22 - Nov 22,ELECTRICITY ,Start Price,203.2
0,,nan n - May 88,GAS ,End Price,25.9
1,3.0888030888030915,May 88 - Nov 88,GAS ,End Price,26.7
2,1.4981273408239781,Nov 88 - May 89,GAS ,End Price,27.1
3,1.4760147601475961,May 89 - Nov 89,GAS ,End Price,27.5
4,6.545454545454548,Nov 89 - May 90,GAS ,End Price,29.3
5,1.7064846416382253,May 90 - Nov 90,GAS ,End Price,29.8
6,4.02684563758389,Nov 90 - May 91,GAS ,End Price,31.0
7,1.6129032258064515,May 91 - Nov 91,GAS ,End Price,31.5
8,0.0,Nov 91 - May 92,GAS ,End Price,31.5
9,-4.126984126984129,May 92 - Nov 92,GAS ,End Price,30.2
10,-0.9933774834437109,Nov 92 - May 93,GAS ,End Price,29.9
11,0.0,May 93 - Nov 93,GAS ,End Price,29.9
12,8.026755852842806,Nov 93 - May 94,GAS ,End Price,32.3
13,0.0,May 94 - Nov 94,GAS ,End Price,32.3
14,1.5479876160990713,Nov 94 - May 95,GAS ,End Price,32.8
15,0.0,May 95 - Nov 95,GAS ,End Price,32.8
16,0.0,Nov 95 - May 96,GAS ,End Price,32.8
17,0.0,May 96 - Nov 96,GAS ,End Price,32.8
18,-0.30487804878047053,Nov 96 - May 97,GAS ,End Price,32.7
19,-2.4464831804281473,May 97 - Nov 97,GAS ,End Price,31.9
20,-1.5673981191222572,Nov 97 - May 98,GAS ,End Price,31.4
21,0.0,May 98 - Nov 98,GAS ,End Price,31.4
22,-0.31847133757961105,Nov 98 - May 99,GAS ,End Price,31.3
23,0.0,May 99 - Nov 99,GAS ,End Price,31.3
24,-2.5559105431309925,Nov 99 - May 00,GAS ,End Price,30.5
25,0.32786885245902103,May 00 - Nov 00,GAS ,End Price,30.6
26,4.575163398692805,Nov 00 - May 01,GAS ,End Price,32.0
27,0.0,May 01 - Nov 01,GAS ,End Price,32.0
28,5.000000000000004,Nov 01 - May 02,GAS ,End Price,33.6
29,0.29761904761905184,May 02 - Nov 02,GAS ,End Price,33.7
30,1.1869436201780372,Nov 02 - May 03,GAS ,End Price,34.1
31,1.7595307917888603,May 03 - Nov 03,GAS ,End Price,34.7
32,4.610951008645516,Nov 03 - May 04,GAS ,End Price,36.3
33,5.7851239669421535,May 04 - Nov 04,GAS ,End Price,38.4
34,6.7708333333333375,Nov 04 - May 05,GAS ,End Price,41.0
35,9.75609756097561,May 05 - Nov 05,GAS ,End Price,45.0
36,20.222222222222225,Nov 05 - May 06,GAS ,End Price,54.1
37,16.266173752310532,May 06 - Nov 06,GAS ,End Price,62.9
38,-4.29252782193958,Nov 06 - May 07,GAS ,End Price,60.2
39,-7.308970099667783,May 07 - Nov 07,GAS ,End Price,55.8
40,15.591397849462371,Nov 07 - May 08,GAS ,End Price,64.5
41,30.387596899224796,May 08 - Nov 08,GAS ,End Price,84.1
42,-5.231866825208076,Nov 08 - May 09,GAS ,End Price,79.7
43,-0.6273525721455459,May 09 - Nov 09,GAS ,End Price,79.2
44,-5.5555555555555625,Nov 09 - May 10,GAS ,End Price,74.8
45,0.0,May 10 - Nov 10,GAS ,End Price,74.8
46,6.417112299465237,Nov 10 - May 11,GAS ,End Price,79.6
47,17.713567839195992,May 11 - Nov 11,GAS ,End Price,93.7
48,-1.9210245464247568,Nov 11 - May 12,GAS ,End Price,91.9
49,1.8498367791077133,May 12 - Nov 12,GAS ,End Price,93.6
50,6.30341880341881,Nov 12 - May 13,GAS ,End Price,99.5
51,0.0,May 13 - Nov 13,GAS ,End Price,99.5
52,5.125628140703512,Nov 13 - May 14,GAS ,End Price,104.6
53,0.0,May 14 - Nov 14,GAS ,End Price,104.6
54,-4.397705544933073,Nov 14 - May 15,GAS ,End Price,100.0
55,-2.200000000000003,May 15 - Nov 15,GAS ,End Price,97.8
56,-4.601226993865031,Nov 15 - May 16,GAS ,End Price,93.3
57,0.0,May 16 - Nov 16,GAS ,End Price,93.3
58,-0.5359056806002144,Nov 16 - May 17,GAS ,End Price,92.8
59,0.6465517241379403,May 17 - Nov 17,GAS ,End Price,93.4
60,0.5353319057815845,Nov 17 - May 18,GAS ,End Price,93.9
61,6.922257720979766,May 18 - Nov 18,GAS ,End Price,100.4
62,0.09960159362549234,Nov 18 - May 19,GAS ,End Price,100.5
63,-8.756218905472632,May 19 - Nov 19,GAS ,End Price,91.7
64,-3.489640130861508,Nov 19 - May 20,GAS ,End Price,88.5
65,-12.316384180790967,May 20 - Nov 20,GAS ,End Price,77.6
66,9.407216494845375,Nov 20 - May 21,GAS ,End Price,84.9
67,17.078916372202592,May 21 - Nov 21,GAS ,End Price,99.4
68,66.90140845070422,Nov 21 - May 22,GAS ,End Price,165.9
69,37.070524412296564,May 22 - Nov 22,GAS ,End Price,227.4
70,,nan n - May 88,GAS ,Start Price,
71,3.0888030888030915,May 88 - Nov 88,GAS ,Start Price,25.9
72,1.4981273408239781,Nov 88 - May 89,GAS ,Start Price,26.7
73,1.4760147601475961,May 89 - Nov 89,GAS ,Start Price,27.1
74,6.545454545454548,Nov 89 - May 90,GAS ,Start Price,27.5
75,1.7064846416382253,May 90 - Nov 90,GAS ,Start Price,29.3
76,4.02684563758389,Nov 90 - May 91,GAS ,Start Price,29.8
77,1.6129032258064515,May 91 - Nov 91,GAS ,Start Price,31.0
78,0.0,Nov 91 - May 92,GAS ,Start Price,31.5
79,-4.126984126984129,May 92 - Nov 92,GAS ,Start Price,31.5
80,-0.9933774834437109,Nov 92 - May 93,GAS ,Start Price,30.2
81,0.0,May 93 - Nov 93,GAS ,Start Price,29.9
82,8.026755852842806,Nov 93 - May 94,GAS ,Start Price,29.9
83,0.0,May 94 - Nov 94,GAS ,Start Price,32.3
84,1.5479876160990713,Nov 94 - May 95,GAS ,Start Price,32.3
85,0.0,May 95 - Nov 95,GAS ,Start Price,32.8
86,0.0,Nov 95 - May 96,GAS ,Start Price,32.8
87,0.0,May 96 - Nov 96,GAS ,Start Price,32.8
88,-0.30487804878047053,Nov 96 - May 97,GAS ,Start Price,32.8
89,-2.4464831804281473,May 97 - Nov 97,GAS ,Start Price,32.7
90,-1.5673981191222572,Nov 97 - May 98,GAS ,Start Price,31.9
91,0.0,May 98 - Nov 98,GAS ,Start Price,31.4
92,-0.31847133757961105,Nov 98 - May 99,GAS ,Start Price,31.4
93,0.0,May 99 - Nov 99,GAS ,Start Price,31.3
94,-2.5559105431309925,Nov 99 - May 00,GAS ,Start Price,31.3
95,0.32786885245902103,May 00 - Nov 00,GAS ,Start Price,30.5
96,4.575163398692805,Nov 00 - May 01,GAS ,Start Price,30.6
97,0.0,May 01 - Nov 01,GAS ,Start Price,32.0
98,5.000000000000004,Nov 01 - May 02,GAS ,Start Price,32.0
99,0.29761904761905184,May 02 - Nov 02,GAS ,Start Price,33.6
100,1.1869436201780372,Nov 02 - May 03,GAS ,Start Price,33.7
101,1.7595307917888603,May 03 - Nov 03,GAS ,Start Price,34.1
102,4.610951008645516,Nov 03 - May 04,GAS ,Start Price,34.7
103,5.7851239669421535,May 04 - Nov 04,GAS ,Start Price,36.3
104,6.7708333333333375,Nov 04 - May 05,GAS ,Start Price,38.4
105,9.75609756097561,May 05 - Nov 05,GAS ,Start Price,41.0
106,20.222222222222225,Nov 05 - May 06,GAS ,Start Price,45.0
107,16.266173752310532,May 06 - Nov 06,GAS ,Start Price,54.1
108,-4.29252782193958,Nov 06 - May 07,GAS ,Start Price,62.9
109,-7.308970099667783,May 07 - Nov 07,GAS ,Start Price,60.2
110,15.591397849462371,Nov 07 - May 08,GAS ,Start Price,55.8
111,30.387596899224796,May 08 - Nov 08,GAS ,Start Price,64.5
112,-5.231866825208076,Nov 08 - May 09,GAS ,Start Price,84.1
113,-0.6273525721455459,May 09 - Nov 09,GAS ,Start Price,79.7
114,-5.5555555555555625,Nov 09 - May 10,GAS ,Start Price,79.2
115,0.0,May 10 - Nov 10,GAS ,Start Price,74.8
116,6.417112299465237,Nov 10 - May 11,GAS ,Start Price,74.8
117,17.713567839195992,May 11 - Nov 11,GAS ,Start Price,79.6
118,-1.9210245464247568,Nov 11 - May 12,GAS ,Start Price,93.7
119,1.8498367791077133,May 12 - Nov 12,GAS ,Start Price,91.9
120,6.30341880341881,Nov 12 - May 13,GAS ,Start Price,93.6
121,0.0,May 13 - Nov 13,GAS ,Start Price,99.5
122,5.125628140703512,Nov 13 - May 14,GAS ,Start Price,99.5
123,0.0,May 14 - Nov 14,GAS ,Start Price,104.6
124,-4.397705544933073,Nov 14 - May 15,GAS ,Start Price,104.6
125,-2.200000000000003,May 15 - Nov 15,GAS ,Start Price,100.0
126,-4.601226993865031,Nov 15 - May 16,GAS ,Start Price,97.8
127,0.0,May 16 - Nov 16,GAS ,Start Price,93.3
128,-0.5359056806002144,Nov 16 - May 17,GAS ,Start Price,93.3
129,0.6465517241379403,May 17 - Nov 17,GAS ,Start Price,92.8
130,0.5353319057815845,Nov 17 - May 18,GAS ,Start Price,93.4
131,6.922257720979766,May 18 - Nov 18,GAS ,Start Price,93.9
132,0.09960159362549234,Nov 18 - May 19,GAS ,Start Price,100.4
133,-8.756218905472632,May 19 - Nov 19,GAS ,Start Price,100.5
134,-3.489640130861508,Nov 19 - May 20,GAS ,Start Price,91.7
135,-12.316384180790967,May 20 - Nov 20,GAS ,Start Price,88.5
136,9.407216494845375,Nov 20 - May 21,GAS ,Start Price,77.6
137,17.078916372202592,May 21 - Nov 21,GAS ,Start Price,84.9
138,66.90140845070422,Nov 21 - May 22,GAS ,Start Price,99.4
139,37.070524412296564,May 22 - Nov 22,GAS ,Start Price,165.9
0,,nan n - May 88,LIQUID FUELS ,End Price,30.4
1,-5.592105263157893,May 88 - Nov 88,LIQUID FUELS ,End Price,28.7
2,10.104529616724745,Nov 88 - May 89,LIQUID FUELS ,End Price,31.6
3,16.772151898734165,May 89 - Nov 89,LIQUID FUELS ,End Price,36.9
4,-4.336043360433608,Nov 89 - May 90,LIQUID FUELS ,End Price,35.3
5,52.9745042492918,May 90 - Nov 90,LIQUID FUELS ,End Price,54.0
6,-28.888888888888893,Nov 90 - May 91,LIQUID FUELS ,End Price,38.4
7,3.90625,May 91 - Nov 91,LIQUID FUELS ,End Price,39.9
8,-13.533834586466162,Nov 91 - May 92,LIQUID FUELS ,End Price,34.5
9,13.62318840579711,May 92 - Nov 92,LIQUID FUELS ,End Price,39.2
10,-3.571428571428586,Nov 92 - May 93,LIQUID FUELS ,End Price,37.8
11,-1.0582010582010546,May 93 - Nov 93,LIQUID FUELS ,End Price,37.4
12,2.1390374331550914,Nov 93 - May 94,LIQUID FUELS ,End Price,38.2
13,-3.4031413612565555,May 94 - Nov 94,LIQUID FUELS ,End Price,36.9
14,-1.6260162601626056,Nov 94 - May 95,LIQUID FUELS ,End Price,36.3
15,1.6528925619834753,May 95 - Nov 95,LIQUID FUELS ,End Price,36.9
16,8.672086720867217,Nov 95 - May 96,LIQUID FUELS ,End Price,40.1
17,11.4713216957606,May 96 - Nov 96,LIQUID FUELS ,End Price,44.7
18,-14.093959731543631,Nov 96 - May 97,LIQUID FUELS ,End Price,38.4
19,-0.5208333333333223,May 97 - Nov 97,LIQUID FUELS ,End Price,38.2
20,-18.84816753926702,Nov 97 - May 98,LIQUID FUELS ,End Price,31.0
21,-5.483870967741933,May 98 - Nov 98,LIQUID FUELS ,End Price,29.3
22,6.484641638225251,Nov 98 - May 99,LIQUID FUELS ,End Price,31.2
23,30.12820512820514,May 99 - Nov 99,LIQUID FUELS ,End Price,40.6
24,10.837438423645317,Nov 99 - May 00,LIQUID FUELS ,End Price,45.0
25,39.77777777777777,May 00 - Nov 00,LIQUID FUELS ,End Price,62.9
26,-18.124006359300477,Nov 00 - May 01,LIQUID FUELS ,End Price,51.5
27,-17.08737864077669,May 01 - Nov 01,LIQUID FUELS ,End Price,42.7
28,5.152224824355962,Nov 01 - May 02,LIQUID FUELS ,End Price,44.9
29,-1.7817371937639135,May 02 - Nov 02,LIQUID FUELS ,End Price,44.1
30,-1.1337868480725624,Nov 02 - May 03,LIQUID FUELS ,End Price,43.6
31,12.84403669724771,May 03 - Nov 03,LIQUID FUELS ,End Price,49.2
32,18.49593495934958,Nov 03 - May 04,LIQUID FUELS ,End Price,58.3
33,15.437392795883362,May 04 - Nov 04,LIQUID FUELS ,End Price,67.3
34,5.200594353640416,Nov 04 - May 05,LIQUID FUELS ,End Price,70.8
35,18.22033898305086,May 05 - Nov 05,LIQUID FUELS ,End Price,83.7
36,12.664277180406206,Nov 05 - May 06,LIQUID FUELS ,End Price,94.3
37,-16.33085896076351,May 06 - Nov 06,LIQUID FUELS ,End Price,78.9
38,6.970849176172369,Nov 06 - May 07,LIQUID FUELS ,End Price,84.4
39,28.672985781990505,May 07 - Nov 07,LIQUID FUELS ,End Price,108.6
40,43.278084714548804,Nov 07 - May 08,LIQUID FUELS ,End Price,155.6
41,-28.856041131105393,May 08 - Nov 08,LIQUID FUELS ,End Price,110.7
42,-20.86720867208673,Nov 08 - May 09,LIQUID FUELS ,End Price,87.6
43,17.69406392694064,May 09 - Nov 09,LIQUID FUELS ,End Price,103.1
44,18.71968962172649,Nov 09 - May 10,LIQUID FUELS ,End Price,122.4
45,1.470588235294115,May 10 - Nov 10,LIQUID FUELS ,End Price,124.2
46,23.51046698872786,Nov 10 - May 11,LIQUID FUELS ,End Price,153.4
47,4.367666232073004,May 11 - Nov 11,LIQUID FUELS ,End Price,160.1
48,-2.7482823235477865,Nov 11 - May 12,LIQUID FUELS ,End Price,155.7
49,2.6974951830443272,May 12 - Nov 12,LIQUID FUELS ,End Price,159.9
50,-4.377736085053159,Nov 12 - May 13,LIQUID FUELS ,End Price,152.9
51,-0.2616088947024236,May 13 - Nov 13,LIQUID FUELS ,End Price,152.5
52,-5.114754098360663,Nov 13 - May 14,LIQUID FUELS ,End Price,144.7
53,-8.638562543192814,May 14 - Nov 14,LIQUID FUELS ,End Price,132.2
54,-16.94402420574886,Nov 14 - May 15,LIQUID FUELS ,End Price,109.8
55,-18.670309653916213,May 15 - Nov 15,LIQUID FUELS ,End Price,89.3
56,-5.935050391937287,Nov 15 - May 16,LIQUID FUELS ,End Price,84.0
57,21.428571428571427,May 16 - Nov 16,LIQUID FUELS ,End Price,102.0
58,0.3921568627451036,Nov 16 - May 17,LIQUID FUELS ,End Price,102.4
59,16.992187499999993,May 17 - Nov 17,LIQUID FUELS ,End Price,119.8
60,17.19532554257096,Nov 17 - May 18,LIQUID FUELS ,End Price,140.4
61,3.7749287749287626,May 18 - Nov 18,LIQUID FUELS ,End Price,145.7
62,-5.010295126973221,Nov 18 - May 19,LIQUID FUELS ,End Price,138.4
63,-2.528901734104046,May 19 - Nov 19,LIQUID FUELS ,End Price,134.9
64,-44.996293550778354,Nov 19 - May 20,LIQUID FUELS ,End Price,74.2
65,11.185983827493256,May 20 - Nov 20,LIQUID FUELS ,End Price,82.5
66,40.60606060606061,Nov 20 - May 21,LIQUID FUELS ,End Price,116.0
67,31.810344827586214,May 21 - Nov 21,LIQUID FUELS ,End Price,152.9
68,68.86854153041202,Nov 21 - May 22,LIQUID FUELS ,End Price,258.2
69,-7.242447714949647,May 22 - Nov 22,LIQUID FUELS ,End Price,239.5
70,,nan n - May 88,LIQUID FUELS ,Start Price,
71,-5.592105263157893,May 88 - Nov 88,LIQUID FUELS ,Start Price,30.4
72,10.104529616724745,Nov 88 - May 89,LIQUID FUELS ,Start Price,28.7
73,16.772151898734165,May 89 - Nov 89,LIQUID FUELS ,Start Price,31.6
74,-4.336043360433608,Nov 89 - May 90,LIQUID FUELS ,Start Price,36.9
75,52.9745042492918,May 90 - Nov 90,LIQUID FUELS ,Start Price,35.3
76,-28.888888888888893,Nov 90 - May 91,LIQUID FUELS ,Start Price,54.0
77,3.90625,May 91 - Nov 91,LIQUID FUELS ,Start Price,38.4
78,-13.533834586466162,Nov 91 - May 92,LIQUID FUELS ,Start Price,39.9
79,13.62318840579711,May 92 - Nov 92,LIQUID FUELS ,Start Price,34.5
80,-3.571428571428586,Nov 92 - May 93,LIQUID FUELS ,Start Price,39.2
81,-1.0582010582010546,May 93 - Nov 93,LIQUID FUELS ,Start Price,37.8
82,2.1390374331550914,Nov 93 - May 94,LIQUID FUELS ,Start Price,37.4
83,-3.4031413612565555,May 94 - Nov 94,LIQUID FUELS ,Start Price,38.2
84,-1.6260162601626056,Nov 94 - May 95,LIQUID FUELS ,Start Price,36.9
85,1.6528925619834753,May 95 - Nov 95,LIQUID FUELS ,Start Price,36.3
86,8.672086720867217,Nov 95 - May 96,LIQUID FUELS ,Start Price,36.9
87,11.4713216957606,May 96 - Nov 96,LIQUID FUELS ,Start Price,40.1
88,-14.093959731543631,Nov 96 - May 97,LIQUID FUELS ,Start Price,44.7
89,-0.5208333333333223,May 97 - Nov 97,LIQUID FUELS ,Start Price,38.4
90,-18.84816753926702,Nov 97 - May 98,LIQUID FUELS ,Start Price,38.2
91,-5.483870967741933,May 98 - Nov 98,LIQUID FUELS ,Start Price,31.0
92,6.484641638225251,Nov 98 - May 99,LIQUID FUELS ,Start Price,29.3
93,30.12820512820514,May 99 - Nov 99,LIQUID FUELS ,Start Price,31.2
94,10.837438423645317,Nov 99 - May 00,LIQUID FUELS ,Start Price,40.6
95,39.77777777777777,May 00 - Nov 00,LIQUID FUELS ,Start Price,45.0
96,-18.124006359300477,Nov 00 - May 01,LIQUID FUELS ,Start Price,62.9
97,-17.08737864077669,May 01 - Nov 01,LIQUID FUELS ,Start Price,51.5
98,5.152224824355962,Nov 01 - May 02,LIQUID FUELS ,Start Price,42.7
99,-1.7817371937639135,May 02 - Nov 02,LIQUID FUELS ,Start Price,44.9
100,-1.1337868480725624,Nov 02 - May 03,LIQUID FUELS ,Start Price,44.1
101,12.84403669724771,May 03 - Nov 03,LIQUID FUELS ,Start Price,43.6
102,18.49593495934958,Nov 03 - May 04,LIQUID FUELS ,Start Price,49.2
103,15.437392795883362,May 04 - Nov 04,LIQUID FUELS ,Start Price,58.3
104,5.200594353640416,Nov 04 - May 05,LIQUID FUELS ,Start Price,67.3
105,18.22033898305086,May 05 - Nov 05,LIQUID FUELS ,Start Price,70.8
106,12.664277180406206,Nov 05 - May 06,LIQUID FUELS ,Start Price,83.7
107,-16.33085896076351,May 06 - Nov 06,LIQUID FUELS ,Start Price,94.3
108,6.970849176172369,Nov 06 - May 07,LIQUID FUELS ,Start Price,78.9
109,28.672985781990505,May 07 - Nov 07,LIQUID FUELS ,Start Price,84.4
110,43.278084714548804,Nov 07 - May 08,LIQUID FUELS ,Start Price,108.6
111,-28.856041131105393,May 08 - Nov 08,LIQUID FUELS ,Start Price,155.6
112,-20.86720867208673,Nov 08 - May 09,LIQUID FUELS ,Start Price,110.7
113,17.69406392694064,May 09 - Nov 09,LIQUID FUELS ,Start Price,87.6
114,18.71968962172649,Nov 09 - May 10,LIQUID FUELS ,Start Price,103.1
115,1.470588235294115,May 10 - Nov 10,LIQUID FUELS ,Start Price,122.4
116,23.51046698872786,Nov 10 - May 11,LIQUID FUELS ,Start Price,124.2
117,4.367666232073004,May 11 - Nov 11,LIQUID FUELS ,Start Price,153.4
118,-2.7482823235477865,Nov 11 - May 12,LIQUID FUELS ,Start Price,160.1
119,2.6974951830443272,May 12 - Nov 12,LIQUID FUELS ,Start Price,155.7
120,-4.377736085053159,Nov 12 - May 13,LIQUID FUELS ,Start Price,159.9
121,-0.2616088947024236,May 13 - Nov 13,LIQUID FUELS ,Start Price,152.9
122,-5.114754098360663,Nov 13 - May 14,LIQUID FUELS ,Start Price,152.5
123,-8.638562543192814,May 14 - Nov 14,LIQUID FUELS ,Start Price,144.7
124,-16.94402420574886,Nov 14 - May 15,LIQUID FUELS ,Start Price,132.2
125,-18.670309653916213,May 15 - Nov 15,LIQUID FUELS ,Start Price,109.8
126,-5.935050391937287,Nov 15 - May 16,LIQUID FUELS ,Start Price,89.3
127,21.428571428571427,May 16 - Nov 16,LIQUID FUELS ,Start Price,84.0
128,0.3921568627451036,Nov 16 - May 17,LIQUID FUELS ,Start Price,102.0
129,16.992187499999993,May 17 - Nov 17,LIQUID FUELS ,Start Price,102.4
130,17.19532554257096,Nov 17 - May 18,LIQUID FUELS ,Start Price,119.8
131,3.7749287749287626,May 18 - Nov 18,LIQUID FUELS ,Start Price,140.4
132,-5.010295126973221,Nov 18 - May 19,LIQUID FUELS ,Start Price,145.7
133,-2.528901734104046,May 19 - Nov 19,LIQUID FUELS ,Start Price,138.4
134,-44.996293550778354,Nov 19 - May 20,LIQUID FUELS ,Start Price,134.9
135,11.185983827493256,May 20 - Nov 20,LIQUID FUELS ,Start Price,74.2
136,40.60606060606061,Nov 20 - May 21,LIQUID FUELS ,Start Price,82.5
137,31.810344827586214,May 21 - Nov 21,LIQUID FUELS ,Start Price,116.0
138,68.86854153041202,Nov 21 - May 22,LIQUID FUELS ,Start Price,152.9
139,-7.242447714949647,May 22 - Nov 22,LIQUID FUELS ,Start Price,258.2
0,,nan n - May 88,SOLID FUELS ,End Price,30.2
1,4.63576158940398,May 88 - Nov 88,SOLID FUELS ,End Price,31.6
2,-4.113924050632913,Nov 88 - May 89,SOLID FUELS ,End Price,30.3
3,6.270627062706277,May 89 - Nov 89,SOLID FUELS ,End Price,32.2
4,-3.72670807453417,Nov 89 - May 90,SOLID FUELS ,End Price,31.0
5,10.645161290322571,May 90 - Nov 90,SOLID FUELS ,End Price,34.3
6,-2.915451895043732,Nov 90 - May 91,SOLID FUELS ,End Price,33.3
7,8.708708708708727,May 91 - Nov 91,SOLID FUELS ,End Price,36.2
8,-0.27624309392265584,Nov 91 - May 92,SOLID FUELS ,End Price,36.1
9,1.6620498614958488,May 92 - Nov 92,SOLID FUELS ,End Price,36.7
10,-4.359673024523164,Nov 92 - May 93,SOLID FUELS ,End Price,35.1
11,4.273504273504273,May 93 - Nov 93,SOLID FUELS ,End Price,36.6
12,4.644808743169388,Nov 93 - May 94,SOLID FUELS ,End Price,38.3
13,3.3942558746736404,May 94 - Nov 94,SOLID FUELS ,End Price,39.6
14,-3.535353535353532,Nov 94 - May 95,SOLID FUELS ,End Price,38.2
15,2.8795811518324457,May 95 - Nov 95,SOLID FUELS ,End Price,39.3
16,-1.272264631043257,Nov 95 - May 96,SOLID FUELS ,End Price,38.8
17,4.63917525773197,May 96 - Nov 96,SOLID FUELS ,End Price,40.6
18,-2.9556650246305485,Nov 96 - May 97,SOLID FUELS ,End Price,39.4
19,2.5380710659898478,May 97 - Nov 97,SOLID FUELS ,End Price,40.4
20,-2.2277227722772244,Nov 97 - May 98,SOLID FUELS ,End Price,39.5
21,4.810126582278477,May 98 - Nov 98,SOLID FUELS ,End Price,41.4
22,-2.173913043478257,Nov 98 - May 99,SOLID FUELS ,End Price,40.5
23,3.4567901234567864,May 99 - Nov 99,SOLID FUELS ,End Price,41.9
24,-2.147971360381858,Nov 99 - May 00,SOLID FUELS ,End Price,41.0
25,5.365853658536592,May 00 - Nov 00,SOLID FUELS ,End Price,43.2
26,-0.925925925925939,Nov 00 - May 01,SOLID FUELS ,End Price,42.8
27,7.4766355140186995,May 01 - Nov 01,SOLID FUELS ,End Price,46.0
28,-1.0869565217391304,Nov 01 - May 02,SOLID FUELS ,End Price,45.5
29,3.9560439560439495,May 02 - Nov 02,SOLID FUELS ,End Price,47.3
30,-1.9027484143763187,Nov 02 - May 03,SOLID FUELS ,End Price,46.4
31,3.448275862068969,May 03 - Nov 03,SOLID FUELS ,End Price,48.0
32,-0.20833333333333628,Nov 03 - May 04,SOLID FUELS ,End Price,47.9
33,10.020876826722347,May 04 - Nov 04,SOLID FUELS ,End Price,52.7
34,1.3282732447817756,Nov 04 - May 05,SOLID FUELS ,End Price,53.4
35,7.303370786516851,May 05 - Nov 05,SOLID FUELS ,End Price,57.3
36,1.7452006980802792,Nov 05 - May 06,SOLID FUELS ,End Price,58.3
37,6.346483704974276,May 06 - Nov 06,SOLID FUELS ,End Price,62.0
38,0.0,Nov 06 - May 07,SOLID FUELS ,End Price,62.0
39,5.483870967741945,May 07 - Nov 07,SOLID FUELS ,End Price,65.4
40,6.574923547400608,Nov 07 - May 08,SOLID FUELS ,End Price,69.7
41,25.10760401721664,May 08 - Nov 08,SOLID FUELS ,End Price,87.2
42,0.34403669724770314,Nov 08 - May 09,SOLID FUELS ,End Price,87.5
43,2.057142857142854,May 09 - Nov 09,SOLID FUELS ,End Price,89.3
44,-2.2396416573348263,Nov 09 - May 10,SOLID FUELS ,End Price,87.3
45,2.520045819014894,May 10 - Nov 10,SOLID FUELS ,End Price,89.5
46,1.1173184357541899,Nov 10 - May 11,SOLID FUELS ,End Price,90.5
47,6.961325966850826,May 11 - Nov 11,SOLID FUELS ,End Price,96.8
48,-1.9628099173553633,Nov 11 - May 12,SOLID FUELS ,End Price,94.9
49,1.053740779768177,May 12 - Nov 12,SOLID FUELS ,End Price,95.9
50,0.5213764337851928,Nov 12 - May 13,SOLID FUELS ,End Price,96.4
51,2.6970954356846413,May 13 - Nov 13,SOLID FUELS ,End Price,99.0
52,0.10101010101009526,Nov 13 - May 14,SOLID FUELS ,End Price,99.1
53,2.0181634712411705,May 14 - Nov 14,SOLID FUELS ,End Price,101.1
54,-1.9782393669634029,Nov 14 - May 15,SOLID FUELS ,End Price,99.1
55,1.4127144298688252,May 15 - Nov 15,SOLID FUELS ,End Price,100.5
56,-1.094527363184074,Nov 15 - May 16,SOLID FUELS ,End Price,99.4
57,1.7102615694164873,May 16 - Nov 16,SOLID FUELS ,End Price,101.1
58,0.0,Nov 16 - May 17,SOLID FUELS ,End Price,101.1
59,2.8684470820969397,May 17 - Nov 17,SOLID FUELS ,End Price,104.0
60,-2.115384615384618,Nov 17 - May 18,SOLID FUELS ,End Price,101.8
61,3.0451866404715213,May 18 - Nov 18,SOLID FUELS ,End Price,104.9
62,1.5252621544327878,Nov 18 - May 19,SOLID FUELS ,End Price,106.5
63,4.037558685446007,May 19 - Nov 19,SOLID FUELS ,End Price,110.8
64,0.6317689530685946,Nov 19 - May 20,SOLID FUELS ,End Price,111.5
65,3.2286995515695014,May 20 - Nov 20,SOLID FUELS ,End Price,115.1
66,-0.2606429192006926,Nov 20 - May 21,SOLID FUELS ,End Price,114.8
67,2.177700348432056,May 21 - Nov 21,SOLID FUELS ,End Price,117.3
68,14.151747655583979,Nov 21 - May 22,SOLID FUELS ,End Price,133.9
69,18.89469753547422,May 22 - Nov 22,SOLID FUELS ,End Price,159.2
70,,nan n - May 88,SOLID FUELS ,Start Price,
71,4.63576158940398,May 88 - Nov 88,SOLID FUELS ,Start Price,30.2
72,-4.113924050632913,Nov 88 - May 89,SOLID FUELS ,Start Price,31.6
73,6.270627062706277,May 89 - Nov 89,SOLID FUELS ,Start Price,30.3
74,-3.72670807453417,Nov 89 - May 90,SOLID FUELS ,Start Price,32.2
75,10.645161290322571,May 90 - Nov 90,SOLID FUELS ,Start Price,31.0
76,-2.915451895043732,Nov 90 - May 91,SOLID FUELS ,Start Price,34.3
77,8.708708708708727,May 91 - Nov 91,SOLID FUELS ,Start Price,33.3
78,-0.27624309392265584,Nov 91 - May 92,SOLID FUELS ,Start Price,36.2
79,1.6620498614958488,May 92 - Nov 92,SOLID FUELS ,Start Price,36.1
80,-4.359673024523164,Nov 92 - May 93,SOLID FUELS ,Start Price,36.7
81,4.273504273504273,May 93 - Nov 93,SOLID FUELS ,Start Price,35.1
82,4.644808743169388,Nov 93 - May 94,SOLID FUELS ,Start Price,36.6
83,3.3942558746736404,May 94 - Nov 94,SOLID FUELS ,Start Price,38.3
84,-3.535353535353532,Nov 94 - May 95,SOLID FUELS ,Start Price,39.6
85,2.8795811518324457,May 95 - Nov 95,SOLID FUELS ,Start Price,38.2
86,-1.272264631043257,Nov 95 - May 96,SOLID FUELS ,Start Price,39.3
87,4.63917525773197,May 96 - Nov 96,SOLID FUELS ,Start Price,38.8
88,-2.9556650246305485,Nov 96 - May 97,SOLID FUELS ,Start Price,40.6
89,2.5380710659898478,May 97 - Nov 97,SOLID FUELS ,Start Price,39.4
90,-2.2277227722772244,Nov 97 - May 98,SOLID FUELS ,Start Price,40.4
91,4.810126582278477,May 98 - Nov 98,SOLID FUELS ,Start Price,39.5
92,-2.173913043478257,Nov 98 - May 99,SOLID FUELS ,Start Price,41.4
93,3.4567901234567864,May 99 - Nov 99,SOLID FUELS ,Start Price,40.5
94,-2.147971360381858,Nov 99 - May 00,SOLID FUELS ,Start Price,41.9
95,5.365853658536592,May 00 - Nov 00,SOLID FUELS ,Start Price,41.0
96,-0.925925925925939,Nov 00 - May 01,SOLID FUELS ,Start Price,43.2
97,7.4766355140186995,May 01 - Nov 01,SOLID FUELS ,Start Price,42.8
98,-1.0869565217391304,Nov 01 - May 02,SOLID FUELS ,Start Price,46.0
99,3.9560439560439495,May 02 - Nov 02,SOLID FUELS ,Start Price,45.5
100,-1.9027484143763187,Nov 02 - May 03,SOLID FUELS ,Start Price,47.3
101,3.448275862068969,May 03 - Nov 03,SOLID FUELS ,Start Price,46.4
102,-0.20833333333333628,Nov 03 - May 04,SOLID FUELS ,Start Price,48.0
103,10.020876826722347,May 04 - Nov 04,SOLID FUELS ,Start Price,47.9
104,1.3282732447817756,Nov 04 - May 05,SOLID FUELS ,Start Price,52.7
105,7.303370786516851,May 05 - Nov 05,SOLID FUELS ,Start Price,53.4
106,1.7452006980802792,Nov 05 - May 06,SOLID FUELS ,Start Price,57.3
107,6.346483704974276,May 06 - Nov 06,SOLID FUELS ,Start Price,58.3
108,0.0,Nov 06 - May 07,SOLID FUELS ,Start Price,62.0
109,5.483870967741945,May 07 - Nov 07,SOLID FUELS ,Start Price,62.0
110,6.574923547400608,Nov 07 - May 08,SOLID FUELS ,Start Price,65.4
111,25.10760401721664,May 08 - Nov 08,SOLID FUELS ,Start Price,69.7
112,0.34403669724770314,Nov 08 - May 09,SOLID FUELS ,Start Price,87.2
113,2.057142857142854,May 09 - Nov 09,SOLID FUELS ,Start Price,87.5
114,-2.2396416573348263,Nov 09 - May 10,SOLID FUELS ,Start Price,89.3
115,2.520045819014894,May 10 - Nov 10,SOLID FUELS ,Start Price,87.3
116,1.1173184357541899,Nov 10 - May 11,SOLID FUELS ,Start Price,89.5
117,6.961325966850826,May 11 - Nov 11,SOLID FUELS ,Start Price,90.5
118,-1.9628099173553633,Nov 11 - May 12,SOLID FUELS ,Start Price,96.8
119,1.053740779768177,May 12 - Nov 12,SOLID FUELS ,Start Price,94.9
120,0.5213764337851928,Nov 12 - May 13,SOLID FUELS ,Start Price,95.9
121,2.6970954356846413,May 13 - Nov 13,SOLID FUELS ,Start Price,96.4
122,0.10101010101009526,Nov 13 - May 14,SOLID FUELS ,Start Price,99.0
123,2.0181634712411705,May 14 - Nov 14,SOLID FUELS ,Start Price,99.1
124,-1.9782393669634029,Nov 14 - May 15,SOLID FUELS ,Start Price,101.1
125,1.4127144298688252,May 15 - Nov 15,SOLID FUELS ,Start Price,99.1
126,-1.094527363184074,Nov 15 - May 16,SOLID FUELS ,Start Price,100.5
127,1.7102615694164873,May 16 - Nov 16,SOLID FUELS ,Start Price,99.4
128,0.0,Nov 16 - May 17,SOLID FUELS ,Start Price,101.1
129,2.8684470820969397,May 17 - Nov 17,SOLID FUELS ,Start Price,101.1
130,-2.115384615384618,Nov 17 - May 18,SOLID FUELS ,Start Price,104.0
131,3.0451866404715213,May 18 - Nov 18,SOLID FUELS ,Start Price,101.8
132,1.5252621544327878,Nov 18 - May 19,SOLID FUELS ,Start Price,104.9
133,4.037558685446007,May 19 - Nov 19,SOLID FUELS ,Start Price,106.5
134,0.6317689530685946,Nov 19 - May 20,SOLID FUELS ,Start Price,110.8
135,3.2286995515695014,May 20 - Nov 20,SOLID FUELS ,Start Price,111.5
136,-0.2606429192006926,Nov 20 - May 21,SOLID FUELS ,Start Price,115.1
137,2.177700348432056,May 21 - Nov 21,SOLID FUELS ,Start Price,114.8
138,14.151747655583979,Nov 21 - May 22,SOLID FUELS ,Start Price,117.3
139,18.89469753547422,May 22 - Nov 22,SOLID FUELS ,Start Price,133.9
